-- MySQL dump 10.13  Distrib 5.6.24, for Win64 (x86_64)
--
-- Host: localhost    Database: easymission
-- ------------------------------------------------------
-- Server version	5.6.26-log

/*!40101 SET @OLD_CHARACTER_SET_CLIENT=@@CHARACTER_SET_CLIENT */;
/*!40101 SET @OLD_CHARACTER_SET_RESULTS=@@CHARACTER_SET_RESULTS */;
/*!40101 SET @OLD_COLLATION_CONNECTION=@@COLLATION_CONNECTION */;
/*!40101 SET NAMES utf8 */;
/*!40103 SET @OLD_TIME_ZONE=@@TIME_ZONE */;
/*!40103 SET TIME_ZONE='+00:00' */;
/*!40014 SET @OLD_UNIQUE_CHECKS=@@UNIQUE_CHECKS, UNIQUE_CHECKS=0 */;
/*!40014 SET @OLD_FOREIGN_KEY_CHECKS=@@FOREIGN_KEY_CHECKS, FOREIGN_KEY_CHECKS=0 */;
/*!40101 SET @OLD_SQL_MODE=@@SQL_MODE, SQL_MODE='NO_AUTO_VALUE_ON_ZERO' */;
/*!40111 SET @OLD_SQL_NOTES=@@SQL_NOTES, SQL_NOTES=0 */;

--
-- Table structure for table `__migrationhistory`
--

DROP TABLE IF EXISTS `__migrationhistory`;
/*!40101 SET @saved_cs_client     = @@character_set_client */;
/*!40101 SET character_set_client = utf8 */;
CREATE TABLE `__migrationhistory` (
  `MigrationId` varchar(150) NOT NULL,
  `ContextKey` varchar(300) NOT NULL,
  `Model` longblob NOT NULL,
  `ProductVersion` varchar(32) NOT NULL,
  PRIMARY KEY (`MigrationId`)
) ENGINE=InnoDB DEFAULT CHARSET=utf8;
/*!40101 SET character_set_client = @saved_cs_client */;

--
-- Dumping data for table `__migrationhistory`
--

LOCK TABLES `__migrationhistory` WRITE;
/*!40000 ALTER TABLE `__migrationhistory` DISABLE KEYS */;
INSERT INTO `__migrationhistory` VALUES ('201704240757448_firstPush','GUI.Migrations.Configuration','\0\0\0\0\0\0\\n8}_`A\"c\rdl`\ZD;BKF2	eEŋDيbTX$;%g\'>%3drl[zfl\'g/|~-θ$~b,:w}!J&4+6qi :sNN6`YkJS∥(9,2T8g/ד\\ʶ.lBb`c,d\n^#r+$7)Sw,4a4xrVoYx3xQg}8@Tx>b.<o*It٤8!b\'M#˸QCcߑ5OxFpbY2ruG}+>)Z}L#mxU߶v?GXukɽnL	\'ۺ_W>)zSyZjw:uwh=q_gS/臅ú5y|y[!vӐnWmA僡Z1k[7u5\ni5~XR9|@RŮWCi5(B{+Cj\":P!0?9D~0g\Z\r6ߣ$%Oß#n\ZC@.\n7vD	M%\Zmj~We4LxP;Mg]\"[~h09\n{s\nt	xM`81;չ~+EC-! \Z1Ue\\BlBRoh&kg.5Zf]{vn/hq;$6#pL07,dǕٔiت6Z\r&0j`5dfgYx#y]	z9kt\"Ig@Q*\nm!hG<bPݑK`7/Q\"Ov#`Xy*+ m\"H1%(&/~^/	=\r0>Jr#L^O(W<aR<4u\ZU7})l=Rb\'1ٓ;k$0=v>xq9\0nL\0-Rhc{жK]WTNw!6[8sOà\\F3%E+_`.2uA x\'Ijqe-Ӻ\"\0[:a_mĀ|Կ$Q)ȍ.\rE@W{NeeǘCpPOqR9ѽTfT	ِl+/	K`FRNR$҂\\>GZle:mSGCޠ(ɺA*XC5a1d(F&FcB+K8a%uJbʳU*ǧ<9PJ3VNBW0g2Y\\1\0ŊiH􉕾wޮ?\"#L~)q$mM*_|:7fѺTR(\"&LM^YG	P<\Z0H`6s6ͤn1G$MHiMHfFx\Z%5&j`4`+lQ&fT*nwVi0f\'ko5*K`\"\rnp嵊HiZoMx=fUuk3zUo\ZMW86-.MH\\ĶJ7oO?灏]J pr~aQpmqN.9ӊ<}B{\ZT*)_eγ+{|d]\'-8ֿe8|ԁ~`~˻Yw1,sX&3a5y-KZ(QWKJQ>!(XK\ZfM\0\05t~~c?|=:x5#K);Qs:])s/ez+侏\'Y颗fH[7wF)XT0Gg@9MP5gc]r;@VSoOu\nΒF=`+(Y\':tA}{4#t[+y*h9\\ (Qb%cmڣ+MALp$Dac-2j]5Kww.duj>J⠊ݳuշ5fy_6=1{GqJkh^\"(.s ylp~\'@\"nԬdɊ`Q)\"Thn0C1We+هYɎXbܥ,JˠUI@ܶyzeC\03}^#?~Uv_)jB\Z]u\\>sׯ-%@Q\0`Ygm~_\ZuP?mO/}Qu	1/?O(wT\0\0','6.1.3-40302'),('201704241138139_secondPush','GUI.Migrations.Configuration','\0\0\0\0\0\0\\n8}_`A\"c\rdl`\ZD;BKF2	eEŋDيbTX$;%g\'>%3drl[zfl\'g/|~-θ$~b,:w}!J&4+6qi :sNN6`YkJS∥(9,2T8g/ד\\ʶ.lBb`c,d\n^#r+$7)Sw,4a4xrVoYx3xQg}8@Tx>b.<o*It٤8!b\'M#˸QCcߑ5OxFpbY2ruG}+>)Z}L#mxU߶v?GXukɽnL	\'ۺ_W>)zSyZjw:uwh=q_gS/臅ú5y|y[!vӐnWmA僡Z1k[7u5\ni5~XR9|@RŮWCi5(B{+Cj\":P!0?9D~0g\Z\r6ߣ$%Oß#n\ZC@.\n7vD	M%\Zmj~We4LxP;Mg]\"[~h09\n{s\nt	xM`81;չ~+EC-! \Z1Ue\\BlBRoh&kg.5Zf]{vn/hq;$6#pL07,dǕٔiت6Z\r&0j`5dfgYx#y]	z9kt\"Ig@Q*\nm!hG<bPݑK`7/Q\"Ov#`Xy*+ m\"H1%(&/~^/	=\r0>Jr#L^O(W<aR<4u\ZU7})l=Rb\'1ٓ;k$0=v>xq9\0nL\0-Rhc{жK]WTNw!6[8sOà\\F3%E+_`.2uA x\'Ijqe-Ӻ\"\0[:a_mĀ|Կ$Q)ȍ.\rE@W{NeeǘCpPOqR9ѽTfT	ِl+/	K`FRNR$҂\\>GZle:mSGCޠ(ɺA*XC5a1d(F&FcB+K8a%uJbʳU*ǧ<9PJ3VNBW0g2Y\\1\0ŊiH􉕾wޮ?\"#L~)q$mM*_|:7fѺTR(\"&LM^YG	P<\Z0H`6s6ͤn1G$MHiMHfFx\Z%5&j`4`+lQ&fT*nwVi0f\'ko5*K`\"\rnp嵊HiZoMx=fUuk3zUo\ZMW86-.MH\\ĶJ7oO?灏]J pr~aQpmqN.9ӊ<}B{\ZT*)_eγ+{|d]\'-8ֿe8|ԁ~`~˻Yw1,sX&3a5y-KZ(QWKJQ>!(XK\ZfM\0\05t~~c?|=:x5#K);Qs:])s/ez+侏\'Y颗fH[7wF)XT0Gg@9MP5gc]r;@VSoOu\nΒF=`+(Y\':tA}{4#t[+y*h9\\ (Qb%cmڣ+MALp$Dac-2j]5Kww.duj>J⠊ݳuշ5fy_6=1{GqJkh^\"(.s ylp~\'@\"nԬdɊ`Q)\"Thn0C1We+هYɎXbܥ,JˠUI@ܶyzeC\03}^#?~Uv_)jB\Z]u\\>sׯ-%@Q\0`Ygm~_\ZuP?mO/}Qu	1/?O(wT\0\0','6.1.3-40302'),('201704241149215_thirdPush','GUI.Migrations.Configuration','\0\0\0\0\0\0\\n8iq4st6QD?NF{A&hOH\nk0ݤ錎tW媲].;5~fж r#G뙝_Zt\'D~8>u}!H\'&Q\ZčBxs|xwȁ&X5!0 0n\"){OZ9uB3ǫIAe[gl a|)\\$BEL^-n2Okr!!8uR=NNF+\0a窛D#\r``[\"yPb^ˁE\Z*7y,33ϖ=D ,xɈlI1U0\'6#ng[7\Z5~m]+0#>\"x)鄓<:LAށ4Ϳ 8_y05\n`o*-ē㤀LܟQm#Xj#\Zh:3N>O>	%tU5~FQ\Z5#s\0V$ǟ>:ykְ#L>7h}ZDYDZ!}v^#PûuM%[IJL(Yz6/_c;cbܵF1׀[_jkF;]x\r=Q/B,\\HV%\"PoA\r,%s%=5i.^[]G(#\r[?4D3ׅizIz󈜑J+O7c4\0:槒jRd!SE7m^GkZE-(:Eed}E`f2J9A`bnv#BZqAVH+D0!˘w0	-`nL}o9l!_\r9φ\\LhTbp*	=v=\Z80,M#g\"MIguBcM3#wCݧ[yCfNua\01\";<Yd@^U!XWi\n7\'tNR2S}i#׏AЩ%F^[aeة	4\n#KCSvGD:wݥN|#v%15lW\0ڔ* \\AAYHmjlm9hqD5p^7lwklc\\=ILzDv%mXq8#rYB]E(fʦwq\":Q`hc$MVX̻²_|@?rOs\Z>U 9aQ8x5n]^VVI,\'\ZƌѢUr0ktn->!VZ\'%JR=TlemSHY\r7q5WX4nâXX`8nCXqQPh%~bx	hgro,%K~X%5]J\0\Z{dd!dRHyd!Vw;FF:R$iI\no*72<4Nln =Ne+ZQʄKRf0]bd$1oNk Q QI7a\\Qj`gV3f\'X#qm͂b(TBS)ښ|Fx\Z)94<j`+dQ7<gڳ\\M8ok0\'\Z&(x uO,V {Eڳno/*:yC47֢=f~c1o+jw+Tܫpe-0YVƙ}#Is%\r@\nd?M>r^8.5m4$rojP)~<::8WJGF\ZZ+^~#ZSKȄ9]nb杒^]f&wB)N \"\ZѤtRwqOD9xan~-dE wB6Ǧ`@\r4mW5<\Z	ta/rl$w8̲爛Զ3sg\rVcR^7Cڢ}`5ފA#Ի.{E-R{P}\Zb{׾/yk=s6Vc7~MsgUcg69oWL_D\\uWEt\'eD(A\Z#e	^[pÚD4#4f#(+[hٺ6lohy:1jul#n7FqU+fmJQJchaAT2Q-&{\'K\Z!SƮY\\UTnނD%Y<%_fYo);c	+t8d0\\\rMwqGeӧ	;K^%\"\'R[b]UH2bꫂKMd#w\r}3:nC4>=:a0g#W\0\0','6.1.3-40302'),('201704241152052_fouthPush','GUI.Migrations.Configuration','\0\0\0\0\0\0\\n8}_`A\"c\rdd6N-Q\Z$X|u/%+3\ZX<U,VR1g(v23&8.Ȳb_2pW㗂AOgJSˊgxvNXǇ,&`kBqH=,RT8gOW4<LPDA/h\"{x1Э\\ӊ\\wlVձ~O\\\'}fRg.}cN573\Zx\0܋̼)Y-$\0 6#J:<h	w`\'Kϵo7Lf\'GɗOsS}0VkWQdëra5Y|ǲ[O%pӸAט38Ӹt_Sɍ둸=ЉF	<&.ۭVǟ>t98W쥭f՘隆2\n|ܴi$(IPƴ)ԪWˤf]i3IE󖒲\rŶ}j[Y䥦4fp&5zVʑ?3F1}\n+Vnr~o=(a!swWIߝs@m/nhS[pl\ZD:	 9 {|p}}Q9mǗ`ؙp6(\0=9\r]GRs<v\nBH Um^kZE(:E$)ՂrfTnւ\ZB0,c=GucO:}M)_j7ސ7baQ x-zѰ8ɶanv\0q`H2wyޥ)?pFw&\rȁl˃7067;r=Lqfg9mj9=+vT`UB)`8b;.[vCuj멹<sbvjB<(pҥUvCTD9\nay*[ɎYay.ٮ-gJtP\"waYE\0˾(wbRhRm@\Zہ6U4;?w^7lkǞf{B\n=p$5W*9,C]DfʦwqQ`ehWLHpV(lwk~f\"vknP͗7NG9\Z#:,p$/^́k(Ek\'EABI`FRaZd}BąO\n-]Kv+I6RQsيLG۔mS++_L-EKֵJ-LeǒҩRڒ\r\"\\+I/(爢%bydҽU,ۧ8>PPYZAc%gL>̻\"I~xOԁwݮ?{#\"L-N~!p$MkMNN 5JEYW*U	:*I	S.Zǂa~Bajr:N\'FB\06^}D5^0OQ9>b.Kvab\0l|>,iǮj]|Myƙ79.*@=\0,V<O,s)0+M{si-Pc6>75^?[}W<Iɽ<Nri~a$2(83oz>I=uA]f\"g\\$G`m~FXAy*$_g^iJ_W#qM!JtG=\Zի=e]8t9dFzIu@H~1@]\nԸq!\"/X,vбJ/O܍j=S^zp#lޖ,1HR}ЍoC/En}6Tϝz·:XSA\0{`֣ђbѰwi^A/EU9nkYIOUu|>oTY=/ WgƖWyƦJ6ﹱV3[cKBw^{,Q)2]Y\0 (QL#i1[[!nÊD4\Z=Ƃ|vƚoi6;i+:wQ-Uwcm`\n1G*zE)\rQ|85ΣdLQ,~t/au&vc,i*(6oN`R\"ꮐMe;iʎ}Xb%4L(KbA@p).L<C\01]#?&r_JrB\n]y\\6so%m@4rAC;@/xl`~x*鞈ڧ.ZGȏs?<\r;V\0\0','6.1.3-40302'),('201704260059402_fifthPush','GUI.Migrations.Configuration','\0\0\0\0\0\0\\n6_`A\"l`Hk48Nhv#QD	d#+PIe@o!9>7^q\'c],lfzD}^YK&w%	gavQ8qm3BoM\'\Z\'\'4m5\"vq~=bbFȹ,i9,cT8gOOI\"k%vֺ(`S4fCr}rk8W)Q4̠(,Qo˳z3x^ǞE_=PWx>w&<os$k8I MʈGr<N\'#m94\n9c?G&˧:w|S+U\n!|mx_׌j;0oVjxb	ݢL6&]߰Dl=Ј:~<;jo⡯釉6|dzU9<WRd\"(`ZnjjP?|xEȲLžgCfn*G܅š<p&5:ҠP!ЅTڬy/.D_vE3Ҵ8=tdZDfL^R;|+@O`CwLW\Z3y\"% h\0sa8!5.=;VslWLH\\&%pMxMM$ZMMź,M%v&R\rǰoւB0,cluc,+>t{SDC5E`l̈́WbYI1x%y!},ttsȦEzazSr8\'M:n-Joz=%v0څܡQh\"w#t`X\n+	CP3&61m9^TXsKczBE\rJF)QƼ--ƝKLΒLf.Q1@z9Fg\0\\-@k\'&I)^UukCAyzF͊?,4Ph></WQLgaC/1^05AAXZh&T㲻F,lv5R%Azp*>a#USdcTr.pc`48%s8)^BKKJjKYgR\ZN$҂\\TlMGuS#SC7\"߷ɦ?KKeB>r$\\ZP\r^AH/E+yˉ	V,o f@&NZX=OBҶ3e2`5D\n7sω\\\"O䭓vI	05js%.\\i@ɰJCܜeeG2P9Jv!UF]R6`Ei`1jE{J2LXDt(VJ5e#FQ2fFƒ)C֪:XYT,WxT,g1`*W\\SGPeju7Sx:oɱ|]X5~M>(;b,-?(M;GQr]I0+M{}ui$1++y	A-Vw\Zܑ.kϏ#4=·en_	u;E^&s<w2riٛCF^Q`gtlA/@Lw<waG\"|\"T<3Ty\"|L<-^]9iz0aε/pK\'k[X˟cB9_\n^IqDU}U_}<G߾\n_t<\0jcİ\'_b<شǝF/K4lB~f-GC}[)[]t9&|IՐFl03wN>&wOvw?U\0ȅ}ǚ:Yhl)n|rMvk}։B}`69r)oyn䳒j|cʃ H2J@Ȱkb(,DJ#QSMN/\'Ѭ[_\rLZSLmҝSfݎf:U[H[ֱ&VGfWz-gm|$& N\'C%CNDk5읥_%ج욹̂lYnhn1ElȤPnıւGԏ(t+rŒ&1jޏ͘!\0fَ}-@\"ecI}=G\"P<)zĮ\0XxO\ro^\0@饍6rh?!-UW\0\0','6.1.3-40302');
/*!40000 ALTER TABLE `__migrationhistory` ENABLE KEYS */;
UNLOCK TABLES;

--
-- Table structure for table `aspnetroles`
--

DROP TABLE IF EXISTS `aspnetroles`;
/*!40101 SET @saved_cs_client     = @@character_set_client */;
/*!40101 SET character_set_client = utf8 */;
CREATE TABLE `aspnetroles` (
  `Id` varchar(128) NOT NULL,
  `Name` varchar(128) NOT NULL,
  PRIMARY KEY (`Id`),
  UNIQUE KEY `RoleNameIndex` (`Name`) USING HASH
) ENGINE=InnoDB DEFAULT CHARSET=utf8;
/*!40101 SET character_set_client = @saved_cs_client */;

--
-- Dumping data for table `aspnetroles`
--

LOCK TABLES `aspnetroles` WRITE;
/*!40000 ALTER TABLE `aspnetroles` DISABLE KEYS */;
INSERT INTO `aspnetroles` VALUES ('01','Admin'),('02','Agent'),('03','Client');
/*!40000 ALTER TABLE `aspnetroles` ENABLE KEYS */;
UNLOCK TABLES;

--
-- Table structure for table `aspnetuserclaims`
--

DROP TABLE IF EXISTS `aspnetuserclaims`;
/*!40101 SET @saved_cs_client     = @@character_set_client */;
/*!40101 SET character_set_client = utf8 */;
CREATE TABLE `aspnetuserclaims` (
  `Id` int(11) NOT NULL AUTO_INCREMENT,
  `UserId` varchar(128) NOT NULL,
  `ClaimType` longtext,
  `ClaimValue` longtext,
  PRIMARY KEY (`Id`),
  KEY `IX_UserId` (`UserId`) USING HASH,
  CONSTRAINT `FK_aspnetuserclaims_aspnetusers_UserId` FOREIGN KEY (`UserId`) REFERENCES `aspnetusers` (`Id`) ON DELETE CASCADE ON UPDATE CASCADE
) ENGINE=InnoDB DEFAULT CHARSET=utf8;
/*!40101 SET character_set_client = @saved_cs_client */;

--
-- Dumping data for table `aspnetuserclaims`
--

LOCK TABLES `aspnetuserclaims` WRITE;
/*!40000 ALTER TABLE `aspnetuserclaims` DISABLE KEYS */;
/*!40000 ALTER TABLE `aspnetuserclaims` ENABLE KEYS */;
UNLOCK TABLES;

--
-- Table structure for table `aspnetuserlogins`
--

DROP TABLE IF EXISTS `aspnetuserlogins`;
/*!40101 SET @saved_cs_client     = @@character_set_client */;
/*!40101 SET character_set_client = utf8 */;
CREATE TABLE `aspnetuserlogins` (
  `LoginProvider` varchar(128) NOT NULL,
  `ProviderKey` varchar(128) NOT NULL,
  `UserId` varchar(128) NOT NULL,
  PRIMARY KEY (`LoginProvider`,`ProviderKey`,`UserId`),
  KEY `IX_UserId` (`UserId`) USING HASH,
  CONSTRAINT `FK_aspnetuserlogins_aspnetusers_UserId` FOREIGN KEY (`UserId`) REFERENCES `aspnetusers` (`Id`) ON DELETE CASCADE ON UPDATE CASCADE
) ENGINE=InnoDB DEFAULT CHARSET=utf8;
/*!40101 SET character_set_client = @saved_cs_client */;

--
-- Dumping data for table `aspnetuserlogins`
--

LOCK TABLES `aspnetuserlogins` WRITE;
/*!40000 ALTER TABLE `aspnetuserlogins` DISABLE KEYS */;
/*!40000 ALTER TABLE `aspnetuserlogins` ENABLE KEYS */;
UNLOCK TABLES;

--
-- Table structure for table `aspnetuserroles`
--

DROP TABLE IF EXISTS `aspnetuserroles`;
/*!40101 SET @saved_cs_client     = @@character_set_client */;
/*!40101 SET character_set_client = utf8 */;
CREATE TABLE `aspnetuserroles` (
  `UserId` varchar(128) NOT NULL,
  `RoleId` varchar(128) NOT NULL,
  PRIMARY KEY (`UserId`,`RoleId`),
  KEY `IX_UserId` (`UserId`) USING HASH,
  KEY `IX_RoleId` (`RoleId`) USING HASH,
  CONSTRAINT `FK_aspnetuserroles_aspnetroles_RoleId` FOREIGN KEY (`RoleId`) REFERENCES `aspnetroles` (`Id`) ON DELETE CASCADE ON UPDATE CASCADE,
  CONSTRAINT `FK_aspnetuserroles_aspnetusers_UserId` FOREIGN KEY (`UserId`) REFERENCES `aspnetusers` (`Id`) ON DELETE CASCADE ON UPDATE CASCADE
) ENGINE=InnoDB DEFAULT CHARSET=utf8;
/*!40101 SET character_set_client = @saved_cs_client */;

--
-- Dumping data for table `aspnetuserroles`
--

LOCK TABLES `aspnetuserroles` WRITE;
/*!40000 ALTER TABLE `aspnetuserroles` DISABLE KEYS */;
INSERT INTO `aspnetuserroles` VALUES ('4cedbff0-3fbc-42c3-b6ee-5cac77c34e0c','02'),('9a23895b-4353-4b6e-babf-2127f4a8da4c','02'),('a4a56218-3030-43f9-9cf3-297a62a7834f','02'),('b4e46afc-b88e-4e90-9b51-1d9c9cee6e98','01'),('c0c3773e-65b9-4bb7-8013-defc81b93699','03');
/*!40000 ALTER TABLE `aspnetuserroles` ENABLE KEYS */;
UNLOCK TABLES;

--
-- Table structure for table `aspnetusers`
--

DROP TABLE IF EXISTS `aspnetusers`;
/*!40101 SET @saved_cs_client     = @@character_set_client */;
/*!40101 SET character_set_client = utf8 */;
CREATE TABLE `aspnetusers` (
  `Id` varchar(128) NOT NULL,
  `Email` varchar(128) DEFAULT NULL,
  `EmailConfirmed` tinyint(1) NOT NULL,
  `PasswordHash` longtext,
  `SecurityStamp` longtext,
  `PhoneNumber` longtext,
  `PhoneNumberConfirmed` tinyint(1) NOT NULL,
  `TwoFactorEnabled` tinyint(1) NOT NULL,
  `LockoutEndDateUtc` datetime DEFAULT NULL,
  `LockoutEnabled` tinyint(1) NOT NULL,
  `AccessFailedCount` int(11) NOT NULL,
  `UserName` varchar(128) NOT NULL,
  `Name` longtext,
  `Last_Name` longtext,
  `ImagePath` longtext,
  PRIMARY KEY (`Id`),
  UNIQUE KEY `UserNameIndex` (`UserName`) USING HASH
) ENGINE=InnoDB DEFAULT CHARSET=utf8;
/*!40101 SET character_set_client = @saved_cs_client */;

--
-- Dumping data for table `aspnetusers`
--

LOCK TABLES `aspnetusers` WRITE;
/*!40000 ALTER TABLE `aspnetusers` DISABLE KEYS */;
INSERT INTO `aspnetusers` VALUES ('4cedbff0-3fbc-42c3-b6ee-5cac77c34e0c','agent@agent.com',0,'ACejeGdSYZMgBvTk/hfnumNmBn6wfR94RTH85XDFzU8MboUkZqSmzEGbEJfJDLhtpQ==','dab90e00-0c09-46fc-af95-127bd0cf8eb2',NULL,0,0,'2017-05-02 20:14:36',1,0,'agent@agent.com','Agent','Agent',NULL),('9a23895b-4353-4b6e-babf-2127f4a8da4c','ahmed.bettaieb@esprit.tn',0,'AFqw+LezLUv6ceYhO+1z1pvrszsRj6HqDPV+uGBXvbGF2j0Lt3v+ywp55cmARTOpHQ==','517d226b-7bff-40d3-9b06-4fac8aa49ea1',NULL,0,0,'2017-05-02 12:51:00',1,0,'ahmed.bettaieb@esprit.tn','Ahmed','Bettaieb',NULL),('a4a56218-3030-43f9-9cf3-297a62a7834f','bettaieb_ahmed94@hotmail.com',1,'AOqlhHOTTAn/nmfaEYl4K8zjfr8Vdh5fOnxY6dIkp94mmBz2NZsTaTA0rilvk4WsNw==','fd646345-7df1-47a4-9544-3782a1762ee2',NULL,0,0,NULL,1,0,'bettaieb_ahmed94@hotmail.com','Ahmed','Bettaieb',NULL),('b4e46afc-b88e-4e90-9b51-1d9c9cee6e98','ahmedbenadelbettaieb1994@gmail.com',0,'ANwauZuWdaNZjgbE6kNv44tYx+a3hLJ+05Pkkf3QZOdEp0Sc5DDSIOx90x3aQG8zMA==','f45a0632-92a2-4092-bdd4-be79dc06f43d',NULL,0,0,NULL,1,0,'ahmedbenadelbettaieb1994@gmail.com','Ahmed Bettaieb','Bettaieb',NULL),('c0c3773e-65b9-4bb7-8013-defc81b93699','client@client.com',0,'ANAsHYjXAV6jNPovhQh5D+zpajTIg5n75J9NLrA6dqUIV0OHTFQJyIT/uaeAG/MTaQ==','ab5e5356-d525-4472-85e9-e92da00c0a60',NULL,0,0,'2017-05-02 12:42:23',1,0,'client@client.com','Client','Client',NULL);
/*!40000 ALTER TABLE `aspnetusers` ENABLE KEYS */;
UNLOCK TABLES;

--
-- Table structure for table `candidature`
--

DROP TABLE IF EXISTS `candidature`;
/*!40101 SET @saved_cs_client     = @@character_set_client */;
/*!40101 SET character_set_client = utf8 */;
CREATE TABLE `candidature` (
  `idCandidature` int(10) NOT NULL AUTO_INCREMENT,
  `idOffre` int(11) DEFAULT NULL,
  `idUser` varchar(250) DEFAULT NULL,
  `description` varchar(250) DEFAULT NULL,
  `price` float DEFAULT NULL,
  `dateSubmit` datetime DEFAULT NULL,
  `status` varchar(10) DEFAULT NULL,
  `cvPAth` varchar(250) DEFAULT NULL,
  PRIMARY KEY (`idCandidature`),
  KEY `candidature_ibfk_100` (`idUser`),
  KEY `candidature_ibfk_200` (`idOffre`),
  CONSTRAINT `candidature_ibfk_100` FOREIGN KEY (`idUser`) REFERENCES `aspnetusers` (`Id`),
  CONSTRAINT `candidature_ibfk_200` FOREIGN KEY (`idOffre`) REFERENCES `offre` (`idOffre`)
) ENGINE=InnoDB AUTO_INCREMENT=9 DEFAULT CHARSET=utf8;
/*!40101 SET character_set_client = @saved_cs_client */;

--
-- Dumping data for table `candidature`
--

LOCK TABLES `candidature` WRITE;
/*!40000 ALTER TABLE `candidature` DISABLE KEYS */;
INSERT INTO `candidature` VALUES (4,1,'4cedbff0-3fbc-42c3-b6ee-5cac77c34e0c','aze',12,NULL,NULL,NULL),(5,2,'4cedbff0-3fbc-42c3-b6ee-5cac77c34e0c','qsd',12,NULL,NULL,NULL);
/*!40000 ALTER TABLE `candidature` ENABLE KEYS */;
UNLOCK TABLES;

--
-- Table structure for table `commentaire`
--

DROP TABLE IF EXISTS `commentaire`;
/*!40101 SET @saved_cs_client     = @@character_set_client */;
/*!40101 SET character_set_client = utf8 */;
CREATE TABLE `commentaire` (
  `commentaireId` int(11) NOT NULL AUTO_INCREMENT,
  `idForum` int(11) NOT NULL,
  `idUser` varchar(250) NOT NULL,
  `message` varchar(250) DEFAULT NULL,
  PRIMARY KEY (`commentaireId`),
  KEY `idForum` (`idForum`),
  KEY `idUser` (`idUser`),
  CONSTRAINT `commentaire_ibfk_1` FOREIGN KEY (`idForum`) REFERENCES `forum` (`idForum`),
  CONSTRAINT `commentaire_ibfk_2` FOREIGN KEY (`idUser`) REFERENCES `aspnetusers` (`Id`)
) ENGINE=InnoDB AUTO_INCREMENT=7 DEFAULT CHARSET=utf8;
/*!40101 SET character_set_client = @saved_cs_client */;

--
-- Dumping data for table `commentaire`
--

LOCK TABLES `commentaire` WRITE;
/*!40000 ALTER TABLE `commentaire` DISABLE KEYS */;
INSERT INTO `commentaire` VALUES (1,1,'4cedbff0-3fbc-42c3-b6ee-5cac77c34e0c','adad'),(2,2,'4cedbff0-3fbc-42c3-b6ee-5cac77c34e0c',NULL),(3,3,'4cedbff0-3fbc-42c3-b6ee-5cac77c34e0c',NULL),(4,3,'4cedbff0-3fbc-42c3-b6ee-5cac77c34e0c',NULL),(5,3,'4cedbff0-3fbc-42c3-b6ee-5cac77c34e0c',NULL),(6,2,'4cedbff0-3fbc-42c3-b6ee-5cac77c34e0c',NULL);
/*!40000 ALTER TABLE `commentaire` ENABLE KEYS */;
UNLOCK TABLES;

--
-- Table structure for table `cv`
--

DROP TABLE IF EXISTS `cv`;
/*!40101 SET @saved_cs_client     = @@character_set_client */;
/*!40101 SET character_set_client = utf8 */;
CREATE TABLE `cv` (
  `idCv` int(11) NOT NULL AUTO_INCREMENT,
  `title` varchar(255) DEFAULT NULL,
  `specialite` varchar(255) DEFAULT NULL,
  `description` varchar(255) DEFAULT NULL,
  `user_idUser` varchar(255) DEFAULT NULL,
  `location` varchar(250) DEFAULT NULL,
  PRIMARY KEY (`idCv`),
  KEY `fk_name` (`user_idUser`),
  CONSTRAINT `a` FOREIGN KEY (`user_idUser`) REFERENCES `aspnetusers` (`Id`),
  CONSTRAINT `fk_name` FOREIGN KEY (`user_idUser`) REFERENCES `aspnetusers` (`Id`) ON DELETE CASCADE
) ENGINE=InnoDB AUTO_INCREMENT=4 DEFAULT CHARSET=utf8;
/*!40101 SET character_set_client = @saved_cs_client */;

--
-- Dumping data for table `cv`
--

LOCK TABLES `cv` WRITE;
/*!40000 ALTER TABLE `cv` DISABLE KEYS */;
INSERT INTO `cv` VALUES (1,'Web Developer','Web Developer','i am a developer','4cedbff0-3fbc-42c3-b6ee-5cac77c34e0c','rades'),(2,'sdfs','Web Developer','sdfsdf','c0c3773e-65b9-4bb7-8013-defc81b93699',NULL),(3,'Mobile Developer','Mobile','kjdsflsf','9a23895b-4353-4b6e-babf-2127f4a8da4c','rades');
/*!40000 ALTER TABLE `cv` ENABLE KEYS */;
UNLOCK TABLES;

--
-- Table structure for table `feedback`
--

DROP TABLE IF EXISTS `feedback`;
/*!40101 SET @saved_cs_client     = @@character_set_client */;
/*!40101 SET character_set_client = utf8 */;
CREATE TABLE `feedback` (
  `idFeedBack` int(11) NOT NULL AUTO_INCREMENT,
  `description` varchar(250) DEFAULT NULL,
  `idUser` varchar(250) DEFAULT NULL,
  `idService` int(11) DEFAULT NULL,
  PRIMARY KEY (`idFeedBack`),
  KEY `idService` (`idService`),
  KEY `idUser` (`idUser`),
  CONSTRAINT `feedback_ibfk_1` FOREIGN KEY (`idService`) REFERENCES `service` (`idService`),
  CONSTRAINT `feedback_ibfk_2` FOREIGN KEY (`idUser`) REFERENCES `aspnetusers` (`Id`)
) ENGINE=InnoDB DEFAULT CHARSET=utf8;
/*!40101 SET character_set_client = @saved_cs_client */;

--
-- Dumping data for table `feedback`
--

LOCK TABLES `feedback` WRITE;
/*!40000 ALTER TABLE `feedback` DISABLE KEYS */;
/*!40000 ALTER TABLE `feedback` ENABLE KEYS */;
UNLOCK TABLES;

--
-- Table structure for table `forum`
--

DROP TABLE IF EXISTS `forum`;
/*!40101 SET @saved_cs_client     = @@character_set_client */;
/*!40101 SET character_set_client = utf8 */;
CREATE TABLE `forum` (
  `idForum` int(11) NOT NULL AUTO_INCREMENT,
  `nomForum` varchar(255) DEFAULT NULL,
  `description` varchar(500) DEFAULT NULL,
  `DateSubmit` datetime DEFAULT NULL,
  `category` varchar(500) DEFAULT NULL,
  `idUser` varchar(250) NOT NULL,
  PRIMARY KEY (`idForum`),
    CONSTRAINT `aaaForum` FOREIGN KEY (`idUser`) REFERENCES `aspnetusers` (`Id`) ON DELETE CASCADE

) ENGINE=InnoDB AUTO_INCREMENT=6 DEFAULT CHARSET=utf8;
/*!40101 SET character_set_client = @saved_cs_client */;

--
-- Dumping data for table `forum`
--

LOCK TABLES `forum` WRITE;
/*!40000 ALTER TABLE `forum` DISABLE KEYS */;
INSERT INTO `forum` VALUES (1,'fdgdfg','Test','2017-05-01 03:17:38','test','4cedbff0-3fbc-42c3-b6ee-5cac77c34e0c'),(2,'slim',NULL,NULL,NULL,'4cedbff0-3fbc-42c3-b6ee-5cac77c34e0c'),(3,'siala',NULL,NULL,NULL,'4cedbff0-3fbc-42c3-b6ee-5cac77c34e0c'),(4,'Forum1','Description forum 1','2017-05-01 21:29:20','Dev Web','4cedbff0-3fbc-42c3-b6ee-5cac77c34e0c');
/*!40000 ALTER TABLE `forum` ENABLE KEYS */;
UNLOCK TABLES;

--
-- Table structure for table `offre`
--

DROP TABLE IF EXISTS `offre`;
/*!40101 SET @saved_cs_client     = @@character_set_client */;
/*!40101 SET character_set_client = utf8 */;
CREATE TABLE `offre` (
  `idOffre` int(11) NOT NULL AUTO_INCREMENT,
  `title` varchar(250) NOT NULL,
  `description` varchar(250) NOT NULL,
  `typeOffre` varchar(250) NOT NULL,
  `location` varchar(250) NOT NULL,
  `budget` float NOT NULL,
  `idUser` varchar(250) NOT NULL,
  `idService` int(11) NOT NULL,
  PRIMARY KEY (`idOffre`),
  KEY `idUser` (`idUser`),
  KEY `idService` (`idService`),
  CONSTRAINT `offre_ibfk_1` FOREIGN KEY (`idUser`) REFERENCES `aspnetusers` (`Id`) ON DELETE CASCADE,
  CONSTRAINT `offre_ibfk_2` FOREIGN KEY (`idService`) REFERENCES `service` (`idService`) ON DELETE CASCADE
) ENGINE=InnoDB AUTO_INCREMENT=7 DEFAULT CHARSET=utf8;
/*!40101 SET character_set_client = @saved_cs_client */;

--
-- Dumping data for table `offre`
--

LOCK TABLES `offre` WRITE;
/*!40000 ALTER TABLE `offre` DISABLE KEYS */;
INSERT INTO `offre` VALUES (1,'titre','offre1','aez','qsd',123,'4cedbff0-3fbc-42c3-b6ee-5cac77c34e0c',3),(2,'titre','offre2','aze','azeaze',123,'4cedbff0-3fbc-42c3-b6ee-5cac77c34e0c',3);
/*!40000 ALTER TABLE `offre` ENABLE KEYS */;
UNLOCK TABLES;

--
-- Table structure for table `payment`
--

DROP TABLE IF EXISTS `payment`;
/*!40101 SET @saved_cs_client     = @@character_set_client */;
/*!40101 SET character_set_client = utf8 */;
CREATE TABLE `payment` (
  `idPayment` int(11) NOT NULL AUTO_INCREMENT,
  `datePayment` datetime DEFAULT NULL,
  `valeur` float DEFAULT NULL,
  `user_idUser` int(11) DEFAULT NULL,
  PRIMARY KEY (`idPayment`),
  KEY `FKtbn2noipxylxg6vx9wk0xuec1` (`user_idUser`),
  CONSTRAINT `FKtbn2noipxylxg6vx9wk0xuec1` FOREIGN KEY (`user_idUser`) REFERENCES `user` (`idUser`)
) ENGINE=InnoDB DEFAULT CHARSET=utf8;
/*!40101 SET character_set_client = @saved_cs_client */;

--
-- Dumping data for table `payment`
--

LOCK TABLES `payment` WRITE;
/*!40000 ALTER TABLE `payment` DISABLE KEYS */;
/*!40000 ALTER TABLE `payment` ENABLE KEYS */;
UNLOCK TABLES;

--
-- Table structure for table `promotion`
--

DROP TABLE IF EXISTS `promotion`;
/*!40101 SET @saved_cs_client     = @@character_set_client */;
/*!40101 SET character_set_client = utf8 */;
CREATE TABLE `promotion` (
  `idPromotion` int(11) NOT NULL AUTO_INCREMENT,
  `dateDebut` datetime DEFAULT NULL,
  `dateFin` datetime DEFAULT NULL,
  `description` varchar(255) DEFAULT NULL,
  `user_idUser` varchar(11) DEFAULT NULL,
  `idService` int(11) NOT NULL,
  PRIMARY KEY (`idPromotion`),
  KEY `FKnq9xfo1dq6aylhijt5828r9dk` (`user_idUser`),
  KEY `idService` (`idService`),
  CONSTRAINT `FKnq9xfo1dq6aylhijt5828r9dk` FOREIGN KEY (`user_idUser`) REFERENCES `aspnetusers` (`Id`),
  CONSTRAINT `promotion_ibfk_1` FOREIGN KEY (`idService`) REFERENCES `service` (`idService`)
) ENGINE=InnoDB AUTO_INCREMENT=5 DEFAULT CHARSET=utf8;
/*!40101 SET character_set_client = @saved_cs_client */;

--
-- Dumping data for table `promotion`
--

LOCK TABLES `promotion` WRITE;
/*!40000 ALTER TABLE `promotion` DISABLE KEYS */;
INSERT INTO `promotion` VALUES (1,'2017-04-28 09:58:14','2017-08-28 09:58:14','sdfsdf',1,3),(2,NULL,NULL,'sd',NULL,4),(3,NULL,NULL,'dd',NULL,4),(4,NULL,NULL,'ee',NULL,4);
/*!40000 ALTER TABLE `promotion` ENABLE KEYS */;
UNLOCK TABLES;

--
-- Table structure for table `reclamation`
--

DROP TABLE IF EXISTS `reclamation`;
/*!40101 SET @saved_cs_client     = @@character_set_client */;
/*!40101 SET character_set_client = utf8 */;
CREATE TABLE `reclamation` (
  `idReclamtion` int(11) NOT NULL AUTO_INCREMENT,
  `dateSubmit` datetime DEFAULT NULL,
  `sujet` varchar(255) DEFAULT NULL,
  `user_idUser` varchar(255) DEFAULT NULL,
  `reclamationPath` varchar(250) DEFAULT NULL,
  `idUserRec` varchar(250) DEFAULT NULL,
  PRIMARY KEY (`idReclamtion`),
  KEY `FKkkykscqnjm68fd039vxudbq0f` (`user_idUser`),
  KEY `idUserRec` (`idUserRec`),
  CONSTRAINT `FKkkykscqnjm68fd039vxudbq0f` FOREIGN KEY (`user_idUser`) REFERENCES `aspnetusers` (`Id`),
  CONSTRAINT `reclamation_ibfk_1` FOREIGN KEY (`idUserRec`) REFERENCES `aspnetusers` (`Id`)
) ENGINE=InnoDB AUTO_INCREMENT=5 DEFAULT CHARSET=utf8;
/*!40101 SET character_set_client = @saved_cs_client */;

--
-- Dumping data for table `reclamation`
--

LOCK TABLES `reclamation` WRITE;
/*!40000 ALTER TABLE `reclamation` DISABLE KEYS */;
INSERT INTO `reclamation` VALUES (1,'2017-04-29 18:15:57','sdfsdf','4cedbff0-3fbc-42c3-b6ee-5cac77c34e0c','final.sql','4cedbff0-3fbc-42c3-b6ee-5cac77c34e0c'),(2,'2017-04-29 18:15:57','qsd','4cedbff0-3fbc-42c3-b6ee-5cac77c34e0c','final.sql','4cedbff0-3fbc-42c3-b6ee-5cac77c34e0c'),(3,'2017-04-29 18:15:57','qsd','4cedbff0-3fbc-42c3-b6ee-5cac77c34e0c','final.sql','4cedbff0-3fbc-42c3-b6ee-5cac77c34e0c'),(4,'2017-04-29 18:15:57','efv','c0c3773e-65b9-4bb7-8013-defc81b93699',NULL,'c0c3773e-65b9-4bb7-8013-defc81b93699');
/*!40000 ALTER TABLE `reclamation` ENABLE KEYS */;
UNLOCK TABLES;

--
-- Table structure for table `service`
--

DROP TABLE IF EXISTS `service`;
/*!40101 SET @saved_cs_client     = @@character_set_client */;
/*!40101 SET character_set_client = utf8 */;
CREATE TABLE `service` (
  `idService` int(11) NOT NULL AUTO_INCREMENT,
  `categorieService` varchar(255) DEFAULT NULL,
  `nomService` varchar(255) DEFAULT NULL,
  `user_idUser` varchar(100) DEFAULT NULL,
  `description` varchar(500) DEFAULT NULL,
  PRIMARY KEY (`idService`),
  KEY `FKmpi7cc7kgfta4euxfipq5g37t` (`user_idUser`),
  CONSTRAINT `FKmpi7cc7kgfta4euxfipq5g37t` FOREIGN KEY (`user_idUser`) REFERENCES `aspnetusers` (`Id`)
) ENGINE=InnoDB AUTO_INCREMENT=7 DEFAULT CHARSET=utf8;
/*!40101 SET character_set_client = @saved_cs_client */;

--
-- Dumping data for table `service`
--

LOCK TABLES `service` WRITE;
/*!40000 ALTER TABLE `service` DISABLE KEYS */;
INSERT INTO `service` VALUES (3,'categoryTest','Test','4cedbff0-3fbc-42c3-b6ee-5cac77c34e0c','Test'),(4,NULL,'qsd','4cedbff0-3fbc-42c3-b6ee-5cac77c34e0c','sqdqs'),(5,NULL,'aze','4cedbff0-3fbc-42c3-b6ee-5cac77c34e0c','qsd');
/*!40000 ALTER TABLE `service` ENABLE KEYS */;
UNLOCK TABLES;

--
-- Table structure for table `sujet`
--

DROP TABLE IF EXISTS `sujet`;
/*!40101 SET @saved_cs_client     = @@character_set_client */;
/*!40101 SET character_set_client = utf8 */;
CREATE TABLE `sujet` (
  `idSujet` int(11) NOT NULL AUTO_INCREMENT,
  `dateSujet` datetime DEFAULT NULL,
  `description` varchar(255) DEFAULT NULL,
  `nomSujet` varchar(255) DEFAULT NULL,
  `typeSujet` varchar(255) DEFAULT NULL,
  `forum_idForum` int(11) DEFAULT NULL,
  `user_idUser` varchar(11) DEFAULT NULL,
  PRIMARY KEY (`idSujet`),
  KEY `FKfmg6vcrltpd7363yl7amhnjar` (`forum_idForum`),
  KEY `FKpogokcnqg60rk9cj5uco6ga0x` (`user_idUser`),
  CONSTRAINT `FKfmg6vcrltpd7363yl7amhnjar` FOREIGN KEY (`forum_idForum`) REFERENCES `forum` (`idForum`),
  CONSTRAINT `FKpogokcnqg60rk9cj5uco6ga0x` FOREIGN KEY (`user_idUser`) REFERENCES `aspnetusers` (`Id`)
) ENGINE=InnoDB DEFAULT CHARSET=utf8;
/*!40101 SET character_set_client = @saved_cs_client */;

--
-- Dumping data for table `sujet`
--

LOCK TABLES `sujet` WRITE;
/*!40000 ALTER TABLE `sujet` DISABLE KEYS */;
/*!40000 ALTER TABLE `sujet` ENABLE KEYS */;
UNLOCK TABLES;

--
-- Table structure for table `user`
--

DROP TABLE IF EXISTS `user`;
/*!40101 SET @saved_cs_client     = @@character_set_client */;
/*!40101 SET character_set_client = utf8 */;
CREATE TABLE `user` (
  `idUser` int(11) NOT NULL AUTO_INCREMENT,
  `competence` varchar(255) DEFAULT NULL,
  `email` varchar(255) DEFAULT NULL,
  `image` varchar(255) DEFAULT NULL,
  `login` varchar(255) DEFAULT NULL,
  `nom` varchar(255) DEFAULT NULL,
  `password` varchar(255) DEFAULT NULL,
  `prenom` varchar(255) DEFAULT NULL,
  `role` varchar(255) DEFAULT NULL,
  PRIMARY KEY (`idUser`)
) ENGINE=InnoDB AUTO_INCREMENT=2 DEFAULT CHARSET=utf8;
/*!40101 SET character_set_client = @saved_cs_client */;

--
-- Dumping data for table `user`
--

LOCK TABLES `user` WRITE;
/*!40000 ALTER TABLE `user` DISABLE KEYS */;
INSERT INTO `user` VALUES (1,NULL,NULL,NULL,NULL,'gh',NULL,NULL,NULL);
/*!40000 ALTER TABLE `user` ENABLE KEYS */;
UNLOCK TABLES;
/*!40103 SET TIME_ZONE=@OLD_TIME_ZONE */;

/*!40101 SET SQL_MODE=@OLD_SQL_MODE */;
/*!40014 SET FOREIGN_KEY_CHECKS=@OLD_FOREIGN_KEY_CHECKS */;
/*!40014 SET UNIQUE_CHECKS=@OLD_UNIQUE_CHECKS */;
/*!40101 SET CHARACTER_SET_CLIENT=@OLD_CHARACTER_SET_CLIENT */;
/*!40101 SET CHARACTER_SET_RESULTS=@OLD_CHARACTER_SET_RESULTS */;
/*!40101 SET COLLATION_CONNECTION=@OLD_COLLATION_CONNECTION */;
/*!40111 SET SQL_NOTES=@OLD_SQL_NOTES */;

-- Dump completed on 2017-05-01 22:38:07
